,SampleID,Actual GA,Predicted GA
0,I1,11.0,12.28
1,W1,11.0,10.58
2,B1,11.0,16.23
3,I2,15.0,15.77
4,W2,18.0,20.85
5,B2,16.0,17.01
6,I3,25.0,23.44
7,W3,27.0,26.98
8,B3,27.0,24.64
9,I4,2.57142857142857,1.2214285582304
10,W4,0.571428571428569,1.331428551673889
11,B4,0.571428571428569,1.2514285564422607
