,SampleID,Actual GA,Predicted GA
0,I4,2.57142857142857,5.758571428571424
1,W4,0.571428571428569,5.187142857142851
2,B4,0.571428571428569,5.444285714285709
3,I1,11.0,8.371428571428565
4,W1,11.0,13.185714285714289
5,B1,11.0,11.895714285714286
6,I2,15.0,14.454285714285717
7,W2,18.0,15.28142857142857
8,B2,16.0,16.27857142857143
9,I3,25.0,21.604285714285723
10,W3,27.0,24.40857142857143
11,B3,27.0,11.239999999999998
