,SampleID,Actual GA,Predicted GA
0,I4,2.57142857142857,4.313035568961941
1,W4,0.571428571428569,7.169601914366444
2,B4,0.571428571428569,5.549125023128831
3,I1,11.0,5.039467750935567
4,W1,11.0,11.052291376164728
5,B1,11.0,6.065620981425785
6,I2,15.0,12.41557240187602
7,W2,18.0,15.416987835021773
8,B2,16.0,17.86615996784445
9,I3,25.0,26.287663684546118
10,W3,27.0,26.637938148381632
11,B3,27.0,8.970633238927691
